userid,home_country_code,home_region_code,preferred_currency_code,transaction_count,total_spend,first_seen_timestamp,last_seen_timestamp
U000001,JP,APAC,JPY,8,2905.37,2025-01-02T15:13:32,2025-03-30T01:47:24
U000002,JP,APAC,JPY,2,110.83,2025-01-17T06:44:33,2025-02-09T17:23:51
U000003,IN,APAC,INR,10,4916.19,2025-01-11T04:21:38,2025-03-20T16:21:07
U000004,FR,EMEA,EUR,4,1762.0,2025-01-02T19:28:28,2025-02-28T05:57:01
U000005,IN,APAC,INR,1,35.0,2025-02-08T00:00:58,2025-02-08T00:00:58
U000006,US,NA,USD,9,4677.66,2025-01-07T16:54:07,2025-03-19T09:46:00
U000008,CA,NA,CAD,6,5089.46,2025-01-11T07:54:58,2025-03-17T13:24:03
U000009,US,NA,USD,8,7470.07,2025-01-11T16:17:42,2025-03-16T10:16:20
U000010,GB,EMEA,GBP,15,12155.08,2025-01-08T20:17:39,2025-03-17T19:23:50
U000011,US,NA,USD,3,848.5,2025-01-13T19:13:25,2025-02-21T16:09:03
U000012,IN,APAC,INR,3,1764.88,2025-01-18T23:14:54,2025-03-03T11:29:13
U000013,GB,EMEA,GBP,5,4877.0,2025-01-03T10:00:44,2025-03-27T18:51:55
U000014,CA,NA,CAD,4,6785.26,2025-01-31T03:22:50,2025-03-20T23:31:50
U000015,ES,EMEA,EUR,10,15257.76,2025-01-13T10:40:38,2025-03-21T14:16:46
U000016,DE,EMEA,EUR,6,6236.26,2025-01-07T10:07:38,2025-03-16T02:21:41
U000017,NL,EMEA,EUR,5,619.08,2025-02-09T17:17:17,2025-03-22T02:40:57
U000018,SG,APAC,SGD,5,2112.44,2025-01-30T20:16:12,2025-03-15T18:58:54
U000019,US,NA,USD,9,10475.2,2025-01-06T02:03:47,2025-03-23T20:38:35
U000020,GB,EMEA,GBP,8,3201.79,2025-01-09T05:44:28,2025-03-21T15:12:37
U000021,US,NA,USD,6,973.19,2025-01-04T02:08:20,2025-03-27T21:15:22
U000022,IN,APAC,INR,7,9805.99,2025-01-04T23:15:54,2025-03-20T19:43:49
U000023,CA,NA,CAD,6,12570.9,2025-01-04T00:20:49,2025-03-20T17:49:51
U000024,FR,EMEA,EUR,3,4744.74,2025-02-13T13:23:50,2025-03-26T06:17:15
U000025,FR,EMEA,EUR,7,570.88,2025-01-04T18:22:05,2025-03-04T01:50:32
U000026,IN,APAC,INR,7,3618.81,2025-01-13T22:59:23,2025-03-27T21:22:01
U000027,GB,EMEA,GBP,3,346.78,2025-01-18T05:22:54,2025-03-24T02:31:13
U000028,US,NA,USD,8,3134.83,2025-01-05T16:07:32,2025-02-26T22:24:47
U000029,FR,EMEA,EUR,7,15612.01,2025-01-11T01:45:07,2025-03-16T20:57:30
U000030,GB,EMEA,GBP,8,1429.25,2025-01-12T10:54:24,2025-02-26T00:34:49
U000031,US,NA,USD,6,1887.93,2025-01-21T19:29:13,2025-02-24T14:18:57
U000032,DE,EMEA,EUR,8,9842.43,2025-01-10T02:18:01,2025-03-14T07:33:29
U000033,CA,NA,CAD,3,1291.13,2025-01-22T20:17:45,2025-03-18T07:29:44
U000034,US,NA,USD,10,4053.79,2025-01-04T19:53:50,2025-03-30T07:43:01
U000035,GB,EMEA,GBP,8,14005.98,2025-01-15T12:30:52,2025-03-27T19:10:01
U000036,US,NA,USD,7,4505.86,2025-01-01T04:19:58,2025-03-24T21:02:08
U000037,IN,APAC,INR,3,1518.95,2025-01-03T02:06:45,2025-03-24T21:24:59
U000038,GB,EMEA,GBP,6,345.51,2025-01-06T18:18:38,2025-02-20T03:09:45
U000039,CA,NA,CAD,10,8976.28,2025-01-12T23:54:41,2025-03-16T10:06:07
U000040,GB,EMEA,GBP,5,609.77,2025-01-09T19:08:56,2025-03-31T11:14:01
U000041,SG,APAC,SGD,5,5556.33,2025-01-11T08:26:52,2025-03-15T00:35:21
U000042,GB,EMEA,GBP,7,6404.53,2025-01-01T14:34:08,2025-03-29T00:30:09
U000043,CA,NA,CAD,3,1922.85,2025-01-08T20:26:01,2025-03-18T08:01:49
U000044,DE,EMEA,EUR,6,1570.59,2025-02-03T14:50:15,2025-03-21T11:28:13
U000045,US,NA,USD,4,886.67,2025-02-17T16:57:28,2025-03-27T15:49:11
U000046,FR,EMEA,EUR,7,5924.11,2025-01-03T03:20:43,2025-03-31T12:55:34
U000047,GB,EMEA,GBP,6,4555.11,2025-02-06T11:48:26,2025-03-22T10:01:18
U000048,IN,APAC,INR,5,1201.3,2025-01-03T00:07:25,2025-03-23T23:13:26
U000049,GB,EMEA,GBP,6,4719.19,2025-01-06T19:41:13,2025-03-28T08:16:19
U000050,FR,EMEA,EUR,11,9584.72,2025-01-07T14:07:46,2025-03-23T13:37:10
U000051,IN,APAC,INR,5,3258.85,2025-01-07T23:30:20,2025-03-27T15:53:00
U000052,FR,EMEA,EUR,7,6539.43,2025-01-10T12:06:23,2025-03-19T22:52:51
U000053,GB,EMEA,GBP,8,6971.16,2025-01-11T17:50:10,2025-03-30T08:33:34
U000054,CA,NA,CAD,4,1803.78,2025-01-28T17:56:01,2025-03-20T06:48:13
U000055,AU,APAC,AUD,3,3031.35,2025-01-12T16:01:03,2025-02-25T05:56:07
U000056,US,NA,USD,5,4875.47,2025-01-23T10:51:30,2025-03-29T18:43:23
U000057,GB,EMEA,GBP,5,949.76,2025-01-01T22:35:22,2025-03-22T01:57:53
U000058,AE,MEA,AED,3,2551.6,2025-01-04T05:03:03,2025-02-14T09:20:42
U000059,JP,APAC,JPY,7,1876.07,2025-01-01T05:35:16,2025-03-31T22:41:52
U000060,US,NA,USD,12,9892.33,2025-01-19T23:01:56,2025-03-30T11:51:44
U000061,JP,APAC,JPY,3,498.3,2025-01-09T05:36:24,2025-02-28T04:53:37
U000062,ES,EMEA,EUR,7,10491.6,2025-01-06T03:01:33,2025-03-29T12:08:23
U000063,GB,EMEA,GBP,7,5410.58,2025-01-01T01:10:22,2025-03-08T22:42:38
U000064,ES,EMEA,EUR,7,6715.23,2025-01-12T08:20:16,2025-03-31T17:58:52
U000065,ES,EMEA,EUR,4,800.6,2025-01-12T21:01:20,2025-03-12T05:27:25
U000066,GB,EMEA,GBP,5,4823.13,2025-01-21T06:50:53,2025-03-28T02:21:38
U000067,FR,EMEA,EUR,2,3562.9,2025-01-02T06:08:51,2025-02-21T23:44:15
U000068,US,NA,USD,6,9399.61,2025-01-05T09:01:58,2025-03-29T01:45:01
U000069,AU,APAC,AUD,3,303.54,2025-01-02T04:49:50,2025-02-20T09:44:20
U000070,IN,APAC,INR,10,10045.77,2025-01-02T13:01:35,2025-03-26T20:18:24
U000071,JP,APAC,JPY,11,8780.96,2025-01-19T00:26:44,2025-03-28T01:44:38
U000072,US,NA,USD,5,3803.12,2025-02-18T05:51:19,2025-03-21T05:38:01
U000073,GB,EMEA,GBP,10,5424.11,2025-01-09T10:13:45,2025-03-24T00:58:44
U000074,HK,APAC,HKD,2,40.8,2025-01-15T23:19:03,2025-03-03T09:19:09
U000075,GB,EMEA,GBP,6,2741.63,2025-01-16T10:47:28,2025-03-05T18:39:45
U000076,HK,APAC,HKD,6,4735.9,2025-01-04T04:41:21,2025-03-30T00:28:26
U000077,CA,NA,CAD,6,475.3,2025-01-10T11:30:53,2025-03-03T11:27:50
U000078,US,NA,USD,12,9123.18,2025-01-09T15:09:22,2025-03-08T14:21:37
U000079,FR,EMEA,EUR,4,2998.49,2025-01-13T10:48:46,2025-01-31T21:50:03
U000080,IN,APAC,INR,1,833.0,2025-03-01T19:09:25,2025-03-01T19:09:25
U000081,AE,MEA,AED,5,1633.32,2025-01-20T05:30:45,2025-03-17T12:30:00
U000082,US,NA,USD,4,4431.48,2025-01-04T17:35:07,2025-02-26T01:26:04
U000083,IN,APAC,INR,2,3216.78,2025-02-05T18:08:24,2025-03-06T05:32:25
U000084,CA,NA,CAD,2,10205.84,2025-03-13T22:39:40,2025-03-28T15:36:35
U000085,DE,EMEA,EUR,5,1137.45,2025-01-17T10:56:46,2025-03-19T02:24:43
U000086,AE,MEA,AED,5,2445.3,2025-01-07T14:15:17,2025-03-30T10:18:19
U000087,AE,MEA,AED,3,595.58,2025-01-15T09:50:18,2025-01-28T13:09:26
U000088,DE,EMEA,EUR,4,5845.06,2025-01-14T06:23:46,2025-03-10T03:39:47
U000089,CA,NA,CAD,4,4254.43,2025-01-22T04:19:09,2025-03-29T13:28:24
U000090,CA,NA,CAD,7,10090.28,2025-01-05T06:29:36,2025-03-05T14:08:31
U000091,US,NA,USD,9,9250.16,2025-01-01T13:36:54,2025-03-22T10:15:35
U000092,JP,APAC,JPY,4,5414.24,2025-02-12T17:55:54,2025-03-31T07:10:08
U000093,HK,APAC,HKD,3,102.72,2025-01-02T11:47:43,2025-02-09T13:53:42
U000094,DE,EMEA,EUR,9,3458.43,2025-01-12T17:04:05,2025-03-30T03:58:44
U000095,GB,EMEA,GBP,7,3835.05,2025-01-22T06:38:33,2025-03-23T18:44:20
U000096,GB,EMEA,GBP,4,610.93,2025-01-15T15:53:55,2025-03-24T12:28:34
U000097,CA,NA,CAD,7,5608.89,2025-01-02T05:21:50,2025-03-31T06:46:27
U000098,IN,APAC,INR,3,1338.94,2025-01-01T08:24:12,2025-03-07T01:35:41
U000099,HK,APAC,HKD,7,1187.92,2025-01-05T15:26:44,2025-03-29T09:31:50
U000100,GB,EMEA,GBP,6,694.09,2025-01-19T20:01:18,2025-03-22T14:30:35
U000101,JP,APAC,JPY,7,1196.63,2025-01-15T08:11:07,2025-02-24T11:50:37
U000102,GB,EMEA,GBP,5,1370.85,2025-01-15T19:20:40,2025-03-28T12:03:31
U000103,CA,NA,CAD,6,3082.04,2025-01-29T15:53:37,2025-03-20T14:47:24
U000104,FR,EMEA,EUR,8,7053.61,2025-01-14T14:48:55,2025-03-21T15:29:41
U000105,GB,EMEA,GBP,3,3692.17,2025-01-12T07:23:09,2025-03-28T15:15:40
U000106,DE,EMEA,EUR,5,3213.49,2025-01-26T00:39:10,2025-03-24T12:34:53
U000107,US,NA,USD,4,2579.94,2025-01-10T11:40:21,2025-03-30T06:09:30
U000108,CA,NA,CAD,4,8042.0,2025-01-21T10:48:39,2025-03-20T22:42:04
U000109,AU,APAC,AUD,6,6807.04,2025-01-18T04:03:30,2025-02-15T12:30:44
U000110,IN,APAC,INR,7,4289.15,2025-01-16T16:30:53,2025-03-27T14:23:10
U000111,GB,EMEA,GBP,7,13118.0,2025-01-02T04:42:32,2025-03-06T00:24:17
U000112,US,NA,USD,6,5369.73,2025-01-03T05:50:47,2025-02-19T20:12:51
U000113,JP,APAC,JPY,4,1110.12,2025-01-03T08:47:41,2025-03-22T04:13:41
U000114,SG,APAC,SGD,6,920.88,2025-01-06T17:44:28,2025-03-11T22:56:38
U000115,US,NA,USD,6,1198.06,2025-01-04T12:16:01,2025-03-17T09:40:52
U000116,ES,EMEA,EUR,4,937.93,2025-01-11T21:12:37,2025-03-11T01:50:42
U000117,CA,NA,CAD,4,3135.17,2025-01-07T02:31:13,2025-02-25T13:34:22
U000118,GB,EMEA,GBP,10,7425.91,2025-01-16T07:11:42,2025-03-18T06:27:09
U000119,JP,APAC,JPY,9,8741.71,2025-01-01T20:35:27,2025-03-03T13:25:58
U000120,ES,EMEA,EUR,6,2471.15,2025-01-22T20:22:41,2025-03-29T16:23:05
U000121,US,NA,USD,7,5199.63,2025-01-19T02:34:31,2025-03-19T12:58:16
U000122,DE,EMEA,EUR,11,5020.22,2025-01-03T10:56:18,2025-03-27T06:33:53
U000123,GB,EMEA,GBP,8,8409.62,2025-01-11T23:26:34,2025-03-24T08:58:08
U000124,DE,EMEA,EUR,5,1624.88,2025-01-17T15:07:47,2025-03-10T11:50:55
U000125,US,NA,USD,12,3972.37,2025-01-01T17:53:13,2025-03-28T09:54:08
U000126,ES,EMEA,EUR,5,6468.72,2025-01-25T11:33:44,2025-02-28T18:38:54
U000127,HK,APAC,HKD,4,2153.35,2025-01-29T11:33:59,2025-03-23T01:44:09
U000128,JP,APAC,JPY,1,8.0,2025-03-15T16:08:18,2025-03-15T16:08:18
U000129,AU,APAC,AUD,7,10087.06,2025-01-04T04:28:27,2025-03-04T17:22:55
U000130,FR,EMEA,EUR,4,1373.37,2025-01-22T07:40:15,2025-03-15T13:37:31
U000131,CA,NA,CAD,12,8730.24,2025-01-07T15:51:40,2025-03-28T19:35:05
U000132,JP,APAC,JPY,8,7715.48,2025-01-15T11:28:31,2025-03-30T21:32:32
U000133,AE,MEA,AED,4,2569.37,2025-03-04T21:24:09,2025-03-29T01:16:05
U000134,FR,EMEA,EUR,6,4881.33,2025-02-10T01:19:05,2025-03-27T02:06:56
U000135,US,NA,USD,13,9948.93,2025-01-09T13:05:46,2025-03-24T20:38:17
U000136,IN,APAC,INR,5,4456.98,2025-02-18T05:42:12,2025-03-30T22:01:16
U000137,US,NA,USD,8,1243.25,2025-01-21T11:33:33,2025-03-25T03:28:50
U000138,US,NA,USD,8,4759.56,2025-01-01T07:53:12,2025-03-01T20:10:33
U000139,ES,EMEA,EUR,6,3506.52,2025-01-18T03:08:17,2025-03-20T09:16:36
U000140,SG,APAC,SGD,9,4457.81,2025-01-02T03:11:20,2025-03-25T11:50:43
U000141,IN,APAC,INR,4,271.38,2025-01-15T15:10:02,2025-03-23T07:37:43
U000142,JP,APAC,JPY,4,293.58,2025-01-17T09:20:47,2025-03-11T11:36:25
U000143,CA,NA,CAD,3,3371.64,2025-03-18T11:56:21,2025-03-23T13:45:52
U000144,JP,APAC,JPY,4,4399.85,2025-01-08T11:01:33,2025-02-02T04:08:51
U000145,AE,MEA,AED,6,1692.17,2025-01-09T09:36:45,2025-03-20T06:07:20
U000146,GB,EMEA,GBP,7,9755.17,2025-01-29T20:01:44,2025-03-25T02:47:04
U000147,NL,EMEA,EUR,7,1271.94,2025-01-06T03:20:44,2025-02-27T03:25:47
U000148,AU,APAC,AUD,6,2689.3,2025-01-04T09:17:55,2025-03-21T16:43:09
U000149,IN,APAC,INR,12,5185.51,2025-01-03T19:36:34,2025-03-28T03:58:30
U000150,US,NA,USD,7,4024.84,2025-01-04T02:09:54,2025-03-30T23:59:56
U000151,CA,NA,CAD,5,10051.5,2025-01-01T17:04:07,2025-03-31T09:50:53
U000152,GB,EMEA,GBP,11,7787.49,2025-01-17T00:15:19,2025-03-18T10:46:41
U000153,JP,APAC,JPY,4,5030.38,2025-02-11T22:51:24,2025-03-18T07:19:19
U000154,AU,APAC,AUD,7,5646.63,2025-01-16T02:47:03,2025-03-30T15:47:22
U000155,SG,APAC,SGD,8,4660.21,2025-01-03T11:28:23,2025-03-20T17:53:21
U000156,AU,APAC,AUD,3,1316.96,2025-02-02T16:00:33,2025-03-06T12:22:05
U000157,US,NA,USD,6,8777.55,2025-01-03T14:23:51,2025-03-31T12:19:46
U000158,DE,EMEA,EUR,3,1466.4,2025-02-14T08:28:52,2025-02-16T17:39:06
U000159,NL,EMEA,EUR,6,7828.45,2025-01-06T10:02:05,2025-03-26T19:47:20
U000160,GB,EMEA,GBP,11,3766.59,2025-01-15T22:05:49,2025-03-23T06:53:35
U000161,CA,NA,CAD,7,1110.49,2025-01-15T19:09:33,2025-03-27T15:58:05
U000162,GB,EMEA,GBP,10,6002.19,2025-01-03T13:46:34,2025-03-10T08:09:14
U000163,US,NA,USD,4,1431.43,2025-03-01T04:48:14,2025-03-29T00:54:11
U000164,IN,APAC,INR,4,5918.7,2025-01-23T15:11:51,2025-03-11T04:34:32
U000165,CA,NA,CAD,4,4554.22,2025-01-20T06:40:51,2025-02-11T04:06:55
U000166,DE,EMEA,EUR,8,8639.15,2025-01-01T16:15:23,2025-03-22T22:58:29
U000167,CA,NA,CAD,10,14451.53,2025-01-11T11:51:16,2025-03-18T15:37:33
U000168,US,NA,USD,7,6032.81,2025-01-02T05:29:26,2025-03-31T17:15:32
U000169,JP,APAC,JPY,7,6103.2,2025-01-07T00:24:34,2025-03-31T21:06:14
U000170,CA,NA,CAD,10,5933.35,2025-01-08T00:11:37,2025-03-23T00:34:56
U000171,US,NA,USD,2,1587.5,2025-01-17T19:39:16,2025-02-06T19:58:45
U000172,CA,NA,CAD,8,2278.63,2025-01-06T08:42:59,2025-03-20T17:56:08
U000173,DE,EMEA,EUR,8,3006.0,2025-01-02T23:22:58,2025-03-25T02:28:50
U000174,AU,APAC,AUD,4,2303.05,2025-01-21T07:08:43,2025-02-28T17:25:46
U000175,JP,APAC,JPY,1,50.0,2025-03-31T01:37:46,2025-03-31T01:37:46
U000176,US,NA,USD,7,7065.53,2025-01-08T18:14:52,2025-03-29T08:22:33
U000177,US,NA,USD,10,6234.07,2025-01-11T07:49:49,2025-03-30T21:05:33
U000178,US,NA,USD,7,4576.04,2025-01-04T10:09:19,2025-03-18T22:41:26
U000179,CA,NA,CAD,9,2834.13,2025-01-07T03:02:04,2025-03-12T19:03:44
U000180,GB,EMEA,GBP,8,5678.94,2025-01-08T00:38:29,2025-03-19T12:49:52
U000181,US,NA,USD,4,1815.1,2025-01-03T19:26:21,2025-02-07T15:24:03
U000182,JP,APAC,JPY,6,3622.9,2025-01-19T16:40:49,2025-03-16T00:24:09
U000183,US,NA,USD,5,1788.35,2025-01-16T17:35:11,2025-03-29T21:03:59
U000184,US,NA,USD,11,8098.46,2025-01-15T04:18:25,2025-03-27T18:02:40
U000185,IN,APAC,INR,3,224.71,2025-02-04T08:49:05,2025-02-19T07:02:55
U000186,US,NA,USD,2,1097.23,2025-03-03T16:47:05,2025-03-22T02:19:34
U000187,US,NA,USD,4,1679.2,2025-01-28T03:57:49,2025-03-29T09:54:01
U000188,US,NA,USD,8,2327.68,2025-01-28T11:45:31,2025-03-29T00:40:23
U000189,FR,EMEA,EUR,7,3462.03,2025-01-07T07:21:23,2025-03-26T17:55:42
U000190,GB,EMEA,GBP,5,1693.07,2025-01-18T09:26:46,2025-03-21T20:56:16
U000191,CA,NA,CAD,6,7070.04,2025-01-28T15:26:44,2025-03-30T03:16:17
U000192,HK,APAC,HKD,9,9974.27,2025-01-05T00:47:38,2025-03-20T18:43:05
U000193,IN,APAC,INR,7,3212.45,2025-01-18T21:21:35,2025-03-23T07:23:35
U000194,CA,NA,CAD,8,7839.59,2025-01-14T23:34:05,2025-03-22T11:39:26
U000195,US,NA,USD,5,1210.06,2025-01-23T16:39:17,2025-03-31T10:04:20
U000196,GB,EMEA,GBP,10,11050.78,2025-01-13T18:39:38,2025-03-26T23:51:29
U000197,JP,APAC,JPY,3,135.88,2025-03-03T07:45:02,2025-03-12T22:06:16
U000198,GB,EMEA,GBP,6,7269.95,2025-01-12T11:17:08,2025-03-19T20:44:00
U000199,AU,APAC,AUD,6,2283.4,2025-01-18T03:15:44,2025-03-16T18:15:48
U000200,GB,EMEA,GBP,3,677.68,2025-01-23T05:09:29,2025-03-08T12:55:34
U000201,FR,EMEA,EUR,9,2176.97,2025-01-04T21:43:54,2025-03-20T18:14:47
U000202,JP,APAC,JPY,11,11915.78,2025-01-08T17:00:54,2025-03-28T23:37:44
U000203,GB,EMEA,GBP,6,6676.23,2025-01-17T11:49:06,2025-03-17T09:13:47
U000204,US,NA,USD,7,7575.38,2025-01-20T00:38:24,2025-03-03T01:56:38
U000205,US,NA,USD,8,4447.91,2025-01-06T12:01:06,2025-03-30T23:29:36
U000206,GB,EMEA,GBP,7,6916.78,2025-01-11T03:36:23,2025-02-22T02:59:01
U000207,IN,APAC,INR,8,10111.19,2025-01-04T08:22:02,2025-03-29T04:51:24
U000208,DE,EMEA,EUR,2,3568.79,2025-02-05T06:54:39,2025-03-19T10:47:21
U000209,JP,APAC,JPY,8,2120.79,2025-01-13T19:38:27,2025-03-29T01:22:42
U000210,GB,EMEA,GBP,7,3302.76,2025-01-22T04:54:51,2025-03-20T19:43:51
U000211,CA,NA,CAD,10,10552.63,2025-01-01T12:04:43,2025-03-21T07:23:07
U000212,JP,APAC,JPY,7,2684.57,2025-01-12T19:31:38,2025-03-11T08:42:30
U000213,FR,EMEA,EUR,6,385.66,2025-03-04T17:03:34,2025-03-29T09:34:13
U000214,US,NA,USD,3,1591.07,2025-02-12T18:56:59,2025-03-26T16:06:31
U000215,GB,EMEA,GBP,7,723.55,2025-01-14T05:12:28,2025-03-20T08:51:38
U000216,JP,APAC,JPY,4,3328.26,2025-01-06T09:56:26,2025-03-29T19:36:07
U000217,CA,NA,CAD,4,1232.7,2025-01-16T01:40:48,2025-03-19T01:53:56
U000218,GB,EMEA,GBP,9,2716.89,2025-01-03T11:15:58,2025-03-16T19:33:58
U000219,US,NA,USD,3,854.57,2025-01-22T02:28:39,2025-03-01T02:50:58
U000220,GB,EMEA,GBP,10,3780.04,2025-01-16T20:42:12,2025-03-30T20:33:16
U000221,CA,NA,CAD,6,8820.84,2025-01-02T13:38:40,2025-03-11T20:09:57
U000222,US,NA,USD,6,4723.4,2025-01-25T00:18:43,2025-03-16T23:15:00
U000223,AU,APAC,AUD,3,1868.55,2025-02-24T17:24:12,2025-03-31T07:51:56
U000224,IN,APAC,INR,6,7816.26,2025-01-10T10:47:14,2025-03-15T08:48:39
U000225,CA,NA,CAD,7,6832.53,2025-01-09T02:10:47,2025-03-31T05:01:38
U000226,FR,EMEA,EUR,7,8269.71,2025-01-12T01:33:33,2025-03-21T14:10:24
U000227,AU,APAC,AUD,3,1425.12,2025-02-12T09:58:21,2025-03-29T07:30:54
U000228,SG,APAC,SGD,7,8367.79,2025-01-13T01:13:06,2025-02-26T15:44:11
U000229,JP,APAC,JPY,6,1916.4,2025-02-06T09:20:08,2025-03-28T18:08:02
U000230,ES,EMEA,EUR,8,5421.82,2025-01-22T11:20:30,2025-03-29T21:37:17
U000231,SG,APAC,SGD,2,3874.56,2025-01-10T20:54:48,2025-03-04T00:06:32
U000232,US,NA,USD,7,3344.36,2025-02-10T07:14:13,2025-03-25T11:35:59
U000233,ES,EMEA,EUR,4,384.68,2025-01-13T14:10:09,2025-03-18T13:53:42
U000234,IN,APAC,INR,4,3420.23,2025-01-02T16:32:07,2025-02-11T13:32:11
U000235,GB,EMEA,GBP,5,3224.53,2025-01-10T08:45:30,2025-03-30T03:37:13
U000236,CA,NA,CAD,4,2417.29,2025-01-13T18:39:45,2025-03-01T09:19:21
U000237,GB,EMEA,GBP,10,6801.82,2025-01-07T11:20:28,2025-03-24T00:08:29
U000238,IN,APAC,INR,9,6963.13,2025-01-21T12:53:02,2025-03-24T11:39:17
U000239,CA,NA,CAD,9,9365.12,2025-01-26T19:00:06,2025-03-29T19:38:43
U000240,US,NA,USD,7,7174.5,2025-01-05T13:07:31,2025-03-19T09:04:07
U000241,GB,EMEA,GBP,5,4723.24,2025-01-16T05:48:57,2025-03-28T01:39:36
U000242,IN,APAC,INR,9,1659.63,2025-01-07T01:41:52,2025-03-30T01:37:26
U000243,DE,EMEA,EUR,3,920.82,2025-02-04T03:25:36,2025-03-13T08:46:53
U000244,US,NA,USD,4,1546.84,2025-01-14T15:15:37,2025-03-28T04:08:42
U000245,US,NA,USD,15,15189.79,2025-01-06T07:56:41,2025-03-24T03:45:46
U000247,ES,EMEA,EUR,3,2077.56,2025-01-31T20:47:24,2025-03-31T08:00:15
U000248,US,NA,USD,2,1760.45,2025-01-20T02:46:52,2025-02-27T00:43:14
U000249,US,NA,USD,5,2947.0,2025-01-12T11:15:54,2025-03-17T11:43:57
U000250,IN,APAC,INR,6,2372.4,2025-01-24T01:10:44,2025-03-20T08:44:55
U000251,JP,APAC,JPY,6,5473.47,2025-02-14T02:12:43,2025-03-12T10:42:54
U000252,GB,EMEA,GBP,6,8496.01,2025-01-06T04:18:06,2025-03-27T15:56:08
U000253,GB,EMEA,GBP,7,16067.27,2025-01-16T11:29:19,2025-03-18T19:37:47
U000254,US,NA,USD,5,827.69,2025-01-05T02:57:59,2025-03-09T01:45:41
U000255,US,NA,USD,5,289.35,2025-01-11T20:14:38,2025-03-09T08:10:56
U000256,US,NA,USD,7,5517.81,2025-01-06T22:11:03,2025-03-24T11:34:06
U000257,SG,APAC,SGD,8,2231.3,2025-01-04T21:00:59,2025-03-12T13:12:15
U000258,DE,EMEA,EUR,6,9083.13,2025-01-03T11:38:47,2025-03-12T13:07:33
U000259,US,NA,USD,7,7756.64,2025-02-08T03:44:21,2025-03-29T05:07:43
U000260,JP,APAC,JPY,6,11512.94,2025-01-24T21:23:18,2025-03-25T08:20:10
U000261,DE,EMEA,EUR,8,2643.49,2025-01-05T17:27:32,2025-03-25T13:33:52
U000262,US,NA,USD,7,5871.56,2025-01-01T17:59:03,2025-03-22T04:22:04
U000263,US,NA,USD,6,2125.37,2025-02-15T02:29:36,2025-03-28T18:19:22
U000264,AE,MEA,AED,3,1160.07,2025-02-02T04:58:18,2025-02-25T18:27:55
U000265,ES,EMEA,EUR,6,5315.2,2025-01-10T10:26:49,2025-03-30T23:20:10
U000266,GB,EMEA,GBP,6,2345.35,2025-01-27T16:10:09,2025-03-25T19:19:21
U000267,US,NA,USD,7,6358.96,2025-01-10T21:07:51,2025-03-08T16:26:32
U000268,GB,EMEA,GBP,7,14302.85,2025-01-11T11:30:42,2025-03-31T21:49:01
U000269,HK,APAC,HKD,5,3725.61,2025-01-14T04:47:28,2025-03-26T00:47:09
U000270,JP,APAC,JPY,9,8571.53,2025-01-12T03:32:32,2025-03-27T14:32:13
U000271,IN,APAC,INR,6,1975.57,2025-01-04T08:42:37,2025-03-31T16:59:58
U000272,GB,EMEA,GBP,6,4261.09,2025-01-11T15:31:38,2025-03-14T19:41:39
U000273,DE,EMEA,EUR,4,1010.58,2025-01-07T11:42:20,2025-01-30T18:16:43
U000274,CA,NA,CAD,4,10048.58,2025-01-24T06:13:16,2025-03-18T17:48:37
U000275,US,NA,USD,12,7867.99,2025-01-06T22:17:06,2025-03-21T17:17:45
U000276,US,NA,USD,6,8167.93,2025-01-11T12:35:49,2025-03-15T09:38:11
U000277,JP,APAC,JPY,6,3499.58,2025-01-11T04:20:55,2025-03-18T19:41:47
U000278,US,NA,USD,5,529.99,2025-02-09T04:38:44,2025-03-30T07:36:55
U000279,CA,NA,CAD,7,5972.38,2025-01-15T13:44:34,2025-03-24T23:50:04
U000280,CA,NA,CAD,9,6566.21,2025-01-06T21:50:23,2025-03-28T22:47:28
U000281,US,NA,USD,3,444.52,2025-01-15T05:05:54,2025-03-24T16:08:31
U000282,JP,APAC,JPY,4,1840.59,2025-02-13T06:16:45,2025-03-09T01:31:50
U000283,US,NA,USD,5,7502.73,2025-01-05T04:24:28,2025-03-30T01:16:07
U000284,JP,APAC,JPY,3,3072.18,2025-01-23T03:12:27,2025-03-17T09:04:35
U000285,AU,APAC,AUD,6,7880.36,2025-01-02T10:55:55,2025-03-30T10:37:03
U000286,US,NA,USD,8,4336.21,2025-01-15T01:54:32,2025-03-19T10:46:36
U000287,ES,EMEA,EUR,6,6271.94,2025-01-08T08:58:59,2025-03-25T17:34:58
U000288,IN,APAC,INR,5,2110.47,2025-01-12T16:19:12,2025-03-19T21:39:41
U000289,GB,EMEA,GBP,10,3068.94,2025-01-05T16:09:39,2025-03-31T12:26:10
U000290,FR,EMEA,EUR,3,4787.92,2025-01-15T16:06:14,2025-02-24T16:31:58
U000291,CA,NA,CAD,7,5733.15,2025-01-11T13:27:53,2025-03-24T23:56:49
U000292,CA,NA,CAD,4,4706.47,2025-01-02T12:18:13,2025-03-30T17:27:14
U000293,CA,NA,CAD,5,5968.23,2025-03-02T06:57:22,2025-03-27T17:47:50
U000294,CA,NA,CAD,3,2146.4,2025-01-20T05:04:46,2025-03-13T22:49:45
U000295,JP,APAC,JPY,4,1734.83,2025-01-06T00:16:20,2025-02-01T11:12:35
U000296,IN,APAC,INR,8,3185.17,2025-01-05T03:09:36,2025-03-24T09:08:38
U000297,DE,EMEA,EUR,6,2755.64,2025-01-06T05:47:57,2025-03-01T19:28:26
U000298,US,NA,USD,8,15070.91,2025-01-09T02:54:33,2025-03-26T20:27:42
U000299,DE,EMEA,EUR,4,1553.05,2025-01-06T06:46:07,2025-03-20T11:34:18
U000300,AU,APAC,AUD,10,5372.2,2025-01-01T19:53:38,2025-03-25T08:27:17
U000301,DE,EMEA,EUR,3,237.98,2025-01-23T22:54:25,2025-03-29T18:56:20
U000302,JP,APAC,JPY,6,2925.69,2025-01-12T04:07:18,2025-03-30T18:21:00
U000303,GB,EMEA,GBP,12,12179.21,2025-01-01T11:45:59,2025-03-25T15:33:31
U000304,JP,APAC,JPY,4,8302.28,2025-01-02T10:21:57,2025-03-25T20:35:07
U000305,GB,EMEA,GBP,7,10041.52,2025-01-04T21:44:39,2025-03-31T00:35:16
U000306,GB,EMEA,GBP,2,2758.52,2025-02-01T11:56:37,2025-03-17T17:38:01
U000307,CA,NA,CAD,6,8587.39,2025-01-24T10:30:10,2025-03-26T18:28:25
U000308,IN,APAC,INR,4,1074.87,2025-01-25T08:28:36,2025-03-26T21:44:14
U000309,JP,APAC,JPY,8,1090.44,2025-01-27T14:51:49,2025-03-09T12:23:56
U000310,AE,MEA,AED,9,8023.27,2025-01-11T08:26:03,2025-03-30T23:28:27
U000311,JP,APAC,JPY,6,2798.17,2025-01-24T20:59:51,2025-03-19T10:20:23
U000312,DE,EMEA,EUR,4,2633.32,2025-01-22T18:48:33,2025-03-09T12:22:10
U000313,IN,APAC,INR,4,4306.03,2025-01-15T19:47:46,2025-03-21T12:00:15
U000314,ES,EMEA,EUR,3,4815.62,2025-01-02T04:22:18,2025-01-16T00:43:04
U000315,SG,APAC,SGD,3,83.91,2025-01-01T11:36:24,2025-02-03T14:02:17
U000316,CA,NA,CAD,7,4797.65,2025-02-09T08:29:13,2025-03-20T23:38:39
U000317,GB,EMEA,GBP,7,4035.37,2025-01-15T06:16:41,2025-03-27T10:35:09
U000318,GB,EMEA,GBP,6,2471.82,2025-01-01T04:03:17,2025-03-29T11:10:35
U000319,CA,NA,CAD,5,2357.39,2025-01-03T09:45:02,2025-02-05T06:25:54
U000320,US,NA,USD,5,3672.57,2025-02-02T08:08:24,2025-03-30T16:10:28
U000321,IN,APAC,INR,5,4609.97,2025-01-21T23:13:53,2025-03-04T19:59:02
U000322,FR,EMEA,EUR,6,2346.78,2025-01-02T06:24:00,2025-03-24T07:32:23
U000323,US,NA,USD,5,3824.72,2025-01-07T21:00:20,2025-02-01T19:46:37
U000324,CA,NA,CAD,5,1603.06,2025-01-06T04:54:01,2025-03-14T07:46:39
U000325,DE,EMEA,EUR,4,287.14,2025-01-27T08:03:07,2025-03-12T23:43:44
U000326,FR,EMEA,EUR,5,7054.4,2025-01-08T01:58:40,2025-02-21T04:21:53
U000327,GB,EMEA,GBP,4,254.35,2025-01-16T21:59:03,2025-03-16T13:32:45
U000328,CA,NA,CAD,4,849.25,2025-01-15T04:45:58,2025-03-03T08:25:03
U000329,HK,APAC,HKD,11,12762.69,2025-01-18T11:09:00,2025-03-31T00:25:29
U000330,CA,NA,CAD,7,7330.82,2025-01-18T21:49:15,2025-03-27T03:02:18
U000331,IN,APAC,INR,3,178.88,2025-01-06T18:30:34,2025-03-11T03:39:35
U000332,GB,EMEA,GBP,10,4582.82,2025-01-04T06:23:33,2025-03-24T11:41:55
U000333,AE,MEA,AED,4,9628.17,2025-02-18T05:50:16,2025-03-24T19:27:27
U000334,NL,EMEA,EUR,5,6192.48,2025-01-10T00:02:57,2025-03-31T09:17:54
U000335,JP,APAC,JPY,7,1947.14,2025-01-10T17:29:41,2025-03-14T08:10:34
U000336,CA,NA,CAD,3,4425.45,2025-01-13T02:08:12,2025-03-06T12:24:11
U000337,CA,NA,CAD,14,12455.78,2025-01-06T13:57:44,2025-03-31T10:25:28
U000338,NL,EMEA,EUR,9,11962.75,2025-01-05T22:01:24,2025-03-22T05:54:46
U000339,CA,NA,CAD,3,751.82,2025-01-24T20:18:28,2025-02-17T19:59:01
U000340,GB,EMEA,GBP,8,7644.43,2025-01-02T05:33:58,2025-03-07T06:54:14
U000341,CA,NA,CAD,10,5265.0,2025-01-07T02:27:25,2025-03-20T22:51:29
U000342,GB,EMEA,GBP,6,317.46,2025-02-04T09:07:35,2025-03-26T09:59:49
U000343,US,NA,USD,8,6414.29,2025-01-10T01:58:07,2025-03-30T11:18:31
U000344,HK,APAC,HKD,4,572.61,2025-01-07T10:24:24,2025-01-23T09:08:24
U000345,CA,NA,CAD,9,15492.3,2025-01-01T19:30:09,2025-03-23T20:41:36
U000346,US,NA,USD,8,9700.3,2025-01-24T07:54:26,2025-03-28T00:09:45
U000347,CA,NA,CAD,3,225.26,2025-01-17T11:25:36,2025-02-11T16:27:50
U000348,AE,MEA,AED,6,1232.91,2025-01-03T10:10:50,2025-03-22T14:22:56
U000349,AE,MEA,AED,3,226.42,2025-01-21T03:44:55,2025-03-22T02:57:47
U000350,CA,NA,CAD,7,7850.73,2025-02-11T07:50:10,2025-03-31T02:35:54
U000351,ES,EMEA,EUR,5,4841.84,2025-01-13T21:31:32,2025-02-17T15:12:38
U000352,JP,APAC,JPY,8,1856.34,2025-01-02T04:47:59,2025-03-31T21:43:40
U000353,US,NA,USD,6,6455.99,2025-02-08T15:58:37,2025-03-15T09:49:00
U000354,CA,NA,CAD,2,68.15,2025-01-19T22:51:17,2025-02-25T13:44:19
U000355,ES,EMEA,EUR,4,2590.22,2025-01-03T22:35:40,2025-03-24T18:33:33
U000356,IN,APAC,INR,3,1409.61,2025-01-29T12:23:04,2025-03-23T05:38:40
U000357,IN,APAC,INR,10,12480.43,2025-01-16T13:29:39,2025-03-13T09:36:47
U000358,CA,NA,CAD,2,189.07,2025-01-07T00:26:17,2025-03-29T12:43:43
U000359,SG,APAC,SGD,2,2973.76,2025-02-12T06:42:35,2025-03-24T19:15:32
U000360,GB,EMEA,GBP,6,2357.78,2025-01-09T02:42:44,2025-02-15T20:00:36
U000361,DE,EMEA,EUR,7,5571.88,2025-01-06T21:42:51,2025-03-30T08:38:20
U000362,IN,APAC,INR,6,9124.81,2025-01-13T04:19:53,2025-03-27T09:05:44
U000363,ES,EMEA,EUR,6,2598.19,2025-02-15T15:26:16,2025-03-23T10:00:41
U000364,US,NA,USD,7,6937.43,2025-01-21T00:09:32,2025-03-13T00:20:52
U000365,CA,NA,CAD,3,377.44,2025-02-14T15:01:27,2025-03-24T01:44:04
U000366,FR,EMEA,EUR,5,6705.54,2025-01-18T06:18:47,2025-03-01T22:37:10
U000367,DE,EMEA,EUR,8,3730.82,2025-01-12T00:02:06,2025-03-13T11:47:37
U000368,AE,MEA,AED,9,10591.21,2025-01-01T20:16:42,2025-03-31T06:05:04
U000369,US,NA,USD,3,557.04,2025-02-06T13:54:32,2025-03-28T12:58:49
U000370,US,NA,USD,9,7720.54,2025-01-01T23:46:38,2025-03-30T14:43:47
U000371,AE,MEA,AED,7,8456.51,2025-01-10T08:45:23,2025-03-14T23:50:18
U000372,CA,NA,CAD,10,7936.27,2025-01-01T01:41:42,2025-03-09T03:43:52
U000373,DE,EMEA,EUR,4,1650.82,2025-01-11T06:34:42,2025-03-15T15:40:23
U000374,IN,APAC,INR,1,2211.0,2025-03-31T13:43:03,2025-03-31T13:43:03
U000375,JP,APAC,JPY,9,4098.46,2025-01-02T05:45:49,2025-03-26T23:11:21
U000376,CA,NA,CAD,2,1168.28,2025-01-09T18:02:09,2025-03-31T20:17:06
U000377,HK,APAC,HKD,4,4657.75,2025-01-12T10:21:10,2025-03-09T06:15:15
U000378,JP,APAC,JPY,4,5578.82,2025-01-13T00:46:39,2025-03-24T18:15:51
U000379,US,NA,USD,5,2468.34,2025-01-16T10:05:44,2025-03-15T05:45:35
U000380,GB,EMEA,GBP,10,3025.56,2025-01-20T05:42:32,2025-03-31T17:51:28
U000381,ES,EMEA,EUR,8,8069.11,2025-01-03T16:53:04,2025-03-30T16:54:25
U000382,GB,EMEA,GBP,7,4969.46,2025-01-15T21:30:17,2025-03-22T20:00:37
U000383,CA,NA,CAD,4,8919.53,2025-01-21T14:33:54,2025-03-07T11:18:32
U000384,AU,APAC,AUD,9,6761.95,2025-01-02T06:40:55,2025-03-25T02:51:46
U000385,GB,EMEA,GBP,5,1952.31,2025-01-11T09:42:38,2025-03-23T18:20:26
U000386,US,NA,USD,3,3891.39,2025-01-24T06:45:55,2025-03-20T10:41:20
U000387,GB,EMEA,GBP,10,16394.39,2025-01-09T11:58:44,2025-03-08T23:20:09
U000388,GB,EMEA,GBP,4,1106.86,2025-01-15T02:34:16,2025-03-22T15:23:42
U000389,DE,EMEA,EUR,4,4783.24,2025-01-09T20:02:07,2025-03-20T11:47:53
U000390,US,NA,USD,7,4401.09,2025-01-13T02:23:51,2025-02-23T02:54:45
U000391,IN,APAC,INR,2,110.0,2025-03-27T10:07:32,2025-03-29T20:17:09
U000392,AU,APAC,AUD,2,47.35,2025-02-08T11:01:47,2025-03-20T01:57:00
U000393,US,NA,USD,5,1299.75,2025-01-14T00:31:53,2025-03-29T09:13:01
U000394,US,NA,USD,3,2138.21,2025-01-13T14:57:58,2025-03-11T12:17:05
U000395,CA,NA,CAD,4,635.37,2025-02-11T04:02:37,2025-03-21T01:08:10
U000396,NL,EMEA,EUR,6,3893.09,2025-01-17T00:47:14,2025-03-24T20:12:35
U000397,US,NA,USD,8,6070.71,2025-01-16T08:56:19,2025-03-29T17:46:01
U000398,GB,EMEA,GBP,7,8743.71,2025-01-06T14:38:47,2025-03-01T19:36:59
U000399,GB,EMEA,GBP,6,8212.42,2025-01-10T11:37:11,2025-03-31T21:27:53
U000400,ES,EMEA,EUR,10,13020.77,2025-01-07T08:39:19,2025-03-24T15:26:30
U000401,JP,APAC,JPY,6,1934.97,2025-01-14T08:25:57,2025-03-15T17:09:58
U000402,IN,APAC,INR,1,26.0,2025-01-22T09:35:07,2025-01-22T09:35:07
U000403,US,NA,USD,7,8430.07,2025-01-15T15:29:29,2025-03-20T01:54:51
U000404,GB,EMEA,GBP,8,7473.0,2025-01-07T19:40:35,2025-03-19T01:54:51
U000405,JP,APAC,JPY,5,1581.49,2025-01-03T11:55:49,2025-03-27T00:20:46
U000406,ES,EMEA,EUR,9,2184.2,2025-01-08T13:50:10,2025-03-18T02:23:24
U000407,IN,APAC,INR,6,1042.56,2025-01-08T22:03:50,2025-02-18T07:46:45
U000408,DE,EMEA,EUR,6,1510.11,2025-01-05T05:50:16,2025-03-04T21:42:44
U000409,US,NA,USD,4,627.49,2025-03-08T21:10:35,2025-03-30T21:10:02
U000410,SG,APAC,SGD,8,1805.78,2025-01-06T14:31:56,2025-03-19T10:54:48
U000411,US,NA,USD,13,5024.81,2025-01-02T03:40:27,2025-03-25T14:01:43
U000412,AE,MEA,AED,6,4762.62,2025-01-11T07:03:04,2025-03-16T02:51:42
U000413,GB,EMEA,GBP,7,3719.78,2025-01-31T11:11:32,2025-03-27T17:01:23
U000414,CA,NA,CAD,6,2650.96,2025-01-06T15:58:44,2025-03-31T07:35:53
U000415,US,NA,USD,7,6738.25,2025-01-10T15:34:16,2025-03-15T04:59:18
U000416,US,NA,USD,6,2600.11,2025-01-06T06:25:14,2025-03-31T03:52:48
U000417,AE,MEA,AED,3,819.92,2025-01-02T09:41:47,2025-02-27T08:32:08
U000418,US,NA,USD,12,3616.1,2025-01-07T07:49:57,2025-03-26T09:45:02
U000419,DE,EMEA,EUR,10,12885.97,2025-01-01T16:37:30,2025-03-12T20:54:42
U000420,JP,APAC,JPY,7,10425.69,2025-01-16T13:19:11,2025-03-27T13:42:31
U000421,IN,APAC,INR,5,3796.12,2025-01-14T17:16:18,2025-03-27T03:42:27
U000422,ES,EMEA,EUR,4,4446.73,2025-02-13T20:39:48,2025-02-26T07:01:21
U000423,ES,EMEA,EUR,4,1905.62,2025-01-03T23:00:21,2025-03-30T12:44:37
U000424,JP,APAC,JPY,7,7111.01,2025-01-18T18:27:02,2025-03-23T07:36:12
U000425,IN,APAC,INR,3,3088.0,2025-01-20T19:44:03,2025-03-25T16:11:05
U000426,CA,NA,CAD,6,8613.41,2025-01-02T22:38:38,2025-03-25T22:43:48
U000427,AU,APAC,AUD,4,3614.61,2025-01-22T20:28:52,2025-03-12T00:19:47
U000428,US,NA,USD,6,2020.04,2025-01-16T06:58:46,2025-03-30T23:52:04
U000429,JP,APAC,JPY,4,4273.65,2025-01-01T05:15:03,2025-01-22T18:12:12
U000430,ES,EMEA,EUR,6,2964.41,2025-01-03T05:08:40,2025-03-25T06:54:47
U000431,CA,NA,CAD,6,2389.65,2025-01-06T07:56:13,2025-03-01T07:16:47
U000432,NL,EMEA,EUR,6,6724.15,2025-01-01T00:48:41,2025-03-15T06:55:44
U000433,IN,APAC,INR,9,1712.34,2025-01-20T03:12:55,2025-03-25T17:51:28
U000434,US,NA,USD,6,1884.08,2025-03-10T14:47:45,2025-03-25T15:15:02
U000435,CA,NA,CAD,7,4188.93,2025-01-17T19:49:22,2025-03-31T21:52:12
U000436,US,NA,USD,5,2005.93,2025-01-14T13:48:36,2025-03-18T03:38:14
U000437,CA,NA,CAD,2,549.82,2025-02-14T09:57:39,2025-02-16T23:37:21
U000438,US,NA,USD,5,2847.09,2025-01-24T16:47:23,2025-03-25T14:38:57
U000439,JP,APAC,JPY,6,765.48,2025-01-14T14:50:25,2025-03-30T00:05:58
U000440,IN,APAC,INR,2,114.7,2025-02-05T07:17:04,2025-03-10T20:51:43
U000441,FR,EMEA,EUR,5,5019.9,2025-01-01T06:19:47,2025-03-28T13:20:24
U000442,US,NA,USD,6,9953.19,2025-01-04T22:37:08,2025-03-30T04:27:53
U000443,NL,EMEA,EUR,8,12262.34,2025-01-02T19:48:17,2025-02-18T09:39:42
U000444,IN,APAC,INR,3,2604.59,2025-01-02T07:36:48,2025-01-20T09:47:33
U000445,US,NA,USD,6,10556.57,2025-01-02T03:22:51,2025-03-04T03:30:47
U000446,CA,NA,CAD,5,7210.47,2025-01-25T09:17:24,2025-03-18T22:47:40
U000447,US,NA,USD,12,3088.53,2025-01-09T22:47:53,2025-03-24T04:23:35
U000448,US,NA,USD,3,1040.88,2025-02-23T01:36:51,2025-03-14T17:03:13
U000449,IN,APAC,INR,11,5202.85,2025-01-11T21:46:06,2025-03-26T08:47:11
U000450,US,NA,USD,9,3928.32,2025-01-09T05:56:31,2025-03-04T09:49:47
U000451,US,NA,USD,7,1272.5,2025-01-07T08:03:48,2025-03-06T20:50:47
U000452,GB,EMEA,GBP,7,8642.34,2025-01-13T21:22:56,2025-03-30T19:27:57
U000453,US,NA,USD,8,6982.82,2025-02-06T06:05:54,2025-03-18T07:34:20
U000454,US,NA,USD,5,646.4,2025-01-11T20:53:22,2025-03-19T23:48:20
U000455,DE,EMEA,EUR,5,573.61,2025-01-04T20:58:08,2025-03-04T10:04:23
U000456,GB,EMEA,GBP,5,2450.28,2025-01-30T00:57:56,2025-03-20T17:46:26
U000457,SG,APAC,SGD,4,1020.57,2025-01-06T05:16:03,2025-02-01T17:05:53
U000458,US,NA,USD,8,4326.38,2025-01-22T06:38:35,2025-03-27T15:41:35
U000459,US,NA,USD,4,1326.74,2025-01-03T08:25:03,2025-03-26T07:52:49
U000460,AE,MEA,AED,2,358.18,2025-01-23T01:43:05,2025-02-10T09:54:00
U000461,CA,NA,CAD,7,2558.48,2025-01-03T14:33:41,2025-03-31T04:21:25
U000462,GB,EMEA,GBP,7,4316.07,2025-01-02T12:02:16,2025-03-28T19:37:18
U000463,JP,APAC,JPY,6,3305.24,2025-01-05T14:56:05,2025-03-12T03:21:33
U000464,US,NA,USD,4,283.6,2025-01-05T03:58:16,2025-03-24T13:07:09
U000465,US,NA,USD,6,3046.68,2025-01-16T02:15:51,2025-03-18T17:51:24
U000466,DE,EMEA,EUR,8,4972.83,2025-02-01T01:54:23,2025-03-31T02:04:17
U000467,CA,NA,CAD,3,7197.83,2025-01-19T20:26:20,2025-03-27T18:52:06
U000468,GB,EMEA,GBP,11,6702.51,2025-01-03T18:53:57,2025-03-18T18:21:13
U000469,JP,APAC,JPY,4,3031.51,2025-01-27T20:50:11,2025-03-22T12:46:53
U000470,GB,EMEA,GBP,4,1137.22,2025-01-02T01:24:07,2025-02-27T10:26:42
U000471,JP,APAC,JPY,12,13615.68,2025-01-03T01:34:25,2025-03-26T19:30:14
U000472,JP,APAC,JPY,3,977.48,2025-01-25T20:24:58,2025-03-24T18:32:21
U000473,US,NA,USD,5,2431.59,2025-01-04T17:46:41,2025-03-31T05:12:16
U000474,AE,MEA,AED,8,734.91,2025-01-01T02:26:26,2025-03-16T11:18:09
U000475,AU,APAC,AUD,12,3109.51,2025-01-02T18:11:59,2025-03-20T03:22:40
U000476,HK,APAC,HKD,5,7321.75,2025-01-03T09:34:59,2025-03-16T19:09:22
U000477,IN,APAC,INR,1,77.0,2025-01-16T12:09:45,2025-01-16T12:09:45
U000478,CA,NA,CAD,3,7230.57,2025-01-05T16:13:01,2025-03-14T18:51:41
U000479,IN,APAC,INR,7,4820.67,2025-01-01T08:50:31,2025-03-17T18:51:33
U000480,SG,APAC,SGD,3,208.82,2025-02-23T17:46:25,2025-03-21T03:24:29
U000481,NL,EMEA,EUR,4,5721.99,2025-02-04T11:38:34,2025-03-30T13:40:02
U000482,CA,NA,CAD,5,545.44,2025-01-20T17:32:54,2025-03-24T12:40:00
U000483,US,NA,USD,4,975.38,2025-01-13T17:29:42,2025-03-12T00:56:06
U000484,IN,APAC,INR,9,7684.44,2025-01-01T14:00:47,2025-03-23T15:10:06
U000485,US,NA,USD,9,10713.1,2025-01-09T20:13:57,2025-03-28T20:23:15
U000486,NL,EMEA,EUR,5,5762.95,2025-01-11T09:47:15,2025-03-09T22:19:37
U000487,SG,APAC,SGD,5,1361.21,2025-01-17T02:25:12,2025-03-25T09:55:05
U000488,DE,EMEA,EUR,6,2244.68,2025-01-26T11:26:01,2025-03-30T19:10:33
U000489,US,NA,USD,6,2400.64,2025-01-19T08:54:30,2025-02-24T06:41:50
U000490,GB,EMEA,GBP,5,621.43,2025-01-20T22:01:19,2025-03-31T03:16:00
U000491,FR,EMEA,EUR,6,8235.75,2025-01-03T08:18:26,2025-02-28T21:12:43
U000492,GB,EMEA,GBP,7,2459.88,2025-01-01T10:37:51,2025-03-14T12:07:02
U000493,JP,APAC,JPY,10,4592.22,2025-01-10T11:36:33,2025-03-21T01:22:59
U000494,SG,APAC,SGD,6,9887.31,2025-01-12T15:16:21,2025-03-22T20:23:22
U000495,ES,EMEA,EUR,2,4551.12,2025-01-12T05:34:27,2025-01-15T06:21:44
U000496,SG,APAC,SGD,7,2883.84,2025-01-01T08:06:44,2025-03-07T07:25:52
U000497,IN,APAC,INR,4,5363.18,2025-01-09T15:37:43,2025-03-23T05:34:18
U000498,GB,EMEA,GBP,8,5628.16,2025-01-06T21:59:50,2025-03-18T21:47:02
U000499,JP,APAC,JPY,4,3960.66,2025-02-06T09:10:51,2025-03-26T10:34:07
U000500,IN,APAC,INR,9,10995.41,2025-01-16T15:13:55,2025-03-06T13:00:58
U000501,DE,EMEA,EUR,6,3567.69,2025-01-07T08:57:10,2025-03-15T17:29:51
U000502,ES,EMEA,EUR,5,6218.04,2025-01-06T00:35:37,2025-02-20T09:23:10
U000503,US,NA,USD,5,775.52,2025-01-02T18:57:49,2025-02-12T14:13:58
U000504,CA,NA,CAD,5,7576.52,2025-01-20T17:31:28,2025-03-23T23:42:54
U000505,JP,APAC,JPY,1,64.0,2025-01-12T06:38:15,2025-01-12T06:38:15
U000506,US,NA,USD,6,8374.03,2025-01-15T03:29:04,2025-02-25T21:52:16
U000507,IN,APAC,INR,6,1079.7,2025-01-17T09:37:13,2025-03-12T15:31:02
U000508,AE,MEA,AED,3,2413.3,2025-01-10T23:47:24,2025-02-27T22:03:22
U000509,IN,APAC,INR,8,10454.24,2025-01-21T00:11:37,2025-03-15T07:39:09
U000510,GB,EMEA,GBP,7,2724.56,2025-01-06T11:07:38,2025-03-14T18:57:42
U000511,JP,APAC,JPY,3,1034.7,2025-01-07T16:56:08,2025-02-21T02:12:28
U000512,FR,EMEA,EUR,4,751.34,2025-02-12T19:08:05,2025-03-28T05:05:17
U000513,CA,NA,CAD,5,7510.18,2025-01-06T16:04:05,2025-03-22T14:54:10
U000514,GB,EMEA,GBP,5,4270.74,2025-01-06T21:44:24,2025-03-03T12:55:41
U000515,FR,EMEA,EUR,2,337.37,2025-01-11T21:33:23,2025-02-25T04:34:38
U000516,JP,APAC,JPY,6,578.83,2025-01-16T20:30:23,2025-03-30T18:07:51
U000517,ES,EMEA,EUR,9,5836.03,2025-01-10T14:47:48,2025-03-01T22:30:24
U000518,HK,APAC,HKD,4,1558.23,2025-02-23T14:22:17,2025-03-29T22:34:40
U000519,JP,APAC,JPY,2,125.15,2025-03-04T19:07:02,2025-03-21T20:08:39
U000520,IN,APAC,INR,10,3469.07,2025-01-06T17:57:42,2025-03-25T22:46:14
U000521,CA,NA,CAD,4,3300.13,2025-01-02T10:58:52,2025-03-19T13:24:34
U000522,GB,EMEA,GBP,7,7024.53,2025-01-19T23:48:42,2025-03-28T08:20:05
U000523,GB,EMEA,GBP,5,1493.4,2025-01-26T11:56:11,2025-03-26T17:19:40
U000524,NL,EMEA,EUR,4,822.47,2025-01-04T05:15:33,2025-02-10T10:14:59
U000525,ES,EMEA,EUR,4,2572.08,2025-02-01T16:02:57,2025-03-21T02:15:02
U000526,GB,EMEA,GBP,7,6827.31,2025-01-12T14:15:29,2025-03-15T11:38:24
U000527,IN,APAC,INR,1,1001.0,2025-03-22T19:02:03,2025-03-22T19:02:03
U000528,CA,NA,CAD,4,3656.8,2025-01-16T04:12:56,2025-03-11T01:33:21
U000529,CA,NA,CAD,6,3106.42,2025-01-01T01:59:04,2025-03-09T04:05:17
U000530,US,NA,USD,7,4168.22,2025-01-05T16:00:29,2025-03-28T15:21:28
U000531,US,NA,USD,10,1543.11,2025-01-01T10:17:06,2025-03-16T06:29:05
U000532,IN,APAC,INR,1,215.0,2025-01-28T08:02:43,2025-01-28T08:02:43
U000533,GB,EMEA,GBP,8,5464.69,2025-01-03T09:00:44,2025-02-24T20:42:45
U000534,GB,EMEA,GBP,6,6373.32,2025-02-11T21:04:33,2025-03-31T01:13:43
U000535,US,NA,USD,6,1713.68,2025-01-02T06:34:25,2025-03-15T21:14:56
U000536,CA,NA,CAD,7,2582.87,2025-01-01T01:50:57,2025-03-21T05:20:51
U000537,US,NA,USD,4,6169.76,2025-01-20T11:58:33,2025-03-24T01:14:52
U000538,US,NA,USD,3,413.39,2025-02-08T17:27:14,2025-03-05T11:21:33
U000539,CA,NA,CAD,7,2649.04,2025-01-15T11:16:35,2025-03-22T18:36:40
U000540,NL,EMEA,EUR,1,1108.57,2025-01-26T15:18:46,2025-01-26T15:18:46
U000541,ES,EMEA,EUR,3,4243.34,2025-02-05T23:53:32,2025-03-22T23:32:03
U000542,DE,EMEA,EUR,3,158.77,2025-01-03T05:05:50,2025-03-04T00:07:31
U000543,FR,EMEA,EUR,4,2163.69,2025-01-12T06:41:10,2025-03-16T22:48:16
U000544,GB,EMEA,GBP,4,4272.21,2025-01-16T23:57:00,2025-03-27T05:47:02
U000545,GB,EMEA,GBP,5,5260.43,2025-01-29T06:08:51,2025-03-09T19:19:40
U000546,FR,EMEA,EUR,6,10333.34,2025-01-27T22:29:06,2025-03-30T21:31:51
U000547,JP,APAC,JPY,7,5626.31,2025-01-31T07:28:24,2025-03-11T19:48:54
U000548,GB,EMEA,GBP,3,514.84,2025-02-19T22:17:25,2025-03-22T13:25:15
U000549,AE,MEA,AED,4,6424.77,2025-01-17T16:32:34,2025-03-05T00:42:05
U000550,CA,NA,CAD,2,1142.13,2025-01-13T13:20:34,2025-02-01T21:06:14
U000551,FR,EMEA,EUR,5,1179.84,2025-01-04T14:22:45,2025-03-24T08:34:56
U000552,DE,EMEA,EUR,9,1704.0,2025-01-07T06:08:57,2025-03-21T00:17:48
U000553,US,NA,USD,4,3449.02,2025-01-07T04:22:56,2025-03-06T21:14:47
U000554,JP,APAC,JPY,5,1401.85,2025-01-19T19:16:00,2025-02-28T11:54:04
U000555,JP,APAC,JPY,6,318.52,2025-01-03T03:52:23,2025-03-29T14:34:04
U000556,AU,APAC,AUD,5,1343.69,2025-01-01T19:24:42,2025-03-18T12:37:02
U000557,IN,APAC,INR,10,2505.88,2025-01-02T09:47:07,2025-03-31T18:09:58
U000558,NL,EMEA,EUR,6,1000.55,2025-01-04T08:09:11,2025-03-27T14:54:25
U000559,JP,APAC,JPY,8,11720.72,2025-01-02T01:56:53,2025-03-17T05:10:13
U000560,FR,EMEA,EUR,4,1774.23,2025-01-28T01:43:08,2025-03-14T07:34:24
U000561,DE,EMEA,EUR,5,2619.67,2025-01-24T13:08:03,2025-03-07T03:56:33
U000562,NL,EMEA,EUR,3,429.65,2025-01-05T01:01:22,2025-03-05T01:00:51
U000563,US,NA,USD,7,6919.79,2025-01-06T00:22:04,2025-03-30T06:04:07
U000564,JP,APAC,JPY,5,4808.59,2025-02-08T00:59:58,2025-03-20T06:37:15
U000565,HK,APAC,HKD,4,934.85,2025-01-27T16:32:24,2025-03-03T14:58:10
U000566,NL,EMEA,EUR,10,5938.61,2025-01-10T14:21:36,2025-03-24T10:41:03
U000567,NL,EMEA,EUR,5,4417.25,2025-01-17T20:48:25,2025-03-31T13:09:38
U000568,GB,EMEA,GBP,9,3566.86,2025-01-08T08:45:55,2025-03-29T20:17:28
U000569,US,NA,USD,7,1170.38,2025-01-11T18:43:17,2025-03-31T20:49:25
U000570,NL,EMEA,EUR,6,10982.41,2025-01-14T14:39:59,2025-02-19T04:49:42
U000571,DE,EMEA,EUR,8,5912.31,2025-01-01T23:41:46,2025-03-28T10:36:50
U000572,FR,EMEA,EUR,7,1022.27,2025-01-08T00:12:37,2025-03-20T16:54:42
U000573,GB,EMEA,GBP,2,81.86,2025-03-08T14:21:28,2025-03-25T07:05:21
U000574,US,NA,USD,9,7150.59,2025-01-11T05:29:36,2025-03-22T22:12:09
U000575,JP,APAC,JPY,8,1839.66,2025-01-09T02:23:19,2025-03-24T03:12:16
U000576,GB,EMEA,GBP,6,1262.15,2025-01-06T12:36:57,2025-03-26T00:41:56
U000577,CA,NA,CAD,1,2259.52,2025-01-11T14:39:17,2025-01-11T14:39:17
U000578,DE,EMEA,EUR,3,983.93,2025-01-06T07:22:52,2025-02-21T19:49:26
U000579,SG,APAC,SGD,9,3785.45,2025-01-01T20:35:33,2025-03-29T03:58:21
U000580,US,NA,USD,8,7690.99,2025-01-08T10:27:19,2025-02-14T09:52:08
U000581,DE,EMEA,EUR,5,2852.48,2025-01-01T21:34:53,2025-03-14T07:21:01
U000582,CA,NA,CAD,2,1714.79,2025-03-05T17:30:43,2025-03-27T02:09:58
U000583,US,NA,USD,6,2322.22,2025-01-13T07:32:51,2025-03-25T21:13:04
U000584,CA,NA,CAD,7,7197.63,2025-01-01T02:13:37,2025-03-25T07:16:38
U000585,US,NA,USD,6,6755.12,2025-01-15T04:08:34,2025-03-25T09:20:43
U000586,NL,EMEA,EUR,4,1168.48,2025-02-22T19:42:49,2025-03-25T15:19:45
U000587,AU,APAC,AUD,11,3389.26,2025-01-11T21:17:40,2025-03-23T05:13:09
U000588,US,NA,USD,10,13394.86,2025-01-10T13:34:25,2025-03-28T11:12:01
U000589,GB,EMEA,GBP,5,803.12,2025-01-16T12:26:03,2025-02-13T06:49:14
U000590,AE,MEA,AED,3,3591.19,2025-03-13T05:08:32,2025-03-23T02:59:30
U000591,US,NA,USD,7,3346.35,2025-01-01T09:05:15,2025-03-22T18:58:09
U000592,CA,NA,CAD,7,4618.06,2025-01-07T04:27:45,2025-03-26T18:06:49
U000593,US,NA,USD,8,4921.19,2025-01-14T19:59:37,2025-03-16T07:49:14
U000594,CA,NA,CAD,6,1742.11,2025-01-29T07:24:26,2025-03-30T20:26:00
U000595,CA,NA,CAD,6,4986.48,2025-01-01T04:41:05,2025-03-20T21:57:32
U000596,US,NA,USD,8,6753.75,2025-01-05T15:11:39,2025-03-21T12:57:10
U000597,GB,EMEA,GBP,2,316.07,2025-02-08T12:26:52,2025-03-08T03:02:57
U000598,US,NA,USD,8,7483.78,2025-01-09T20:46:18,2025-03-29T15:09:10
U000599,JP,APAC,JPY,11,9614.87,2025-01-07T12:15:34,2025-03-20T15:56:35
U000600,SG,APAC,SGD,6,5602.01,2025-01-26T09:44:46,2025-03-31T07:36:00
U000601,CA,NA,CAD,4,3176.71,2025-02-06T15:20:26,2025-03-22T17:45:57
U000602,US,NA,USD,7,1717.39,2025-01-12T13:22:19,2025-03-31T03:11:06
U000603,CA,NA,CAD,11,13344.61,2025-01-12T18:08:05,2025-03-22T15:44:58
U000604,AU,APAC,AUD,3,2799.58,2025-01-03T02:52:59,2025-02-22T03:07:25
U000605,CA,NA,CAD,5,2717.3,2025-01-04T04:33:57,2025-03-27T17:38:33
U000606,ES,EMEA,EUR,4,984.84,2025-01-17T16:51:13,2025-03-14T15:48:46
U000607,DE,EMEA,EUR,9,10685.49,2025-01-03T08:03:09,2025-03-26T21:42:20
U000608,GB,EMEA,GBP,5,4731.76,2025-01-21T01:31:19,2025-03-01T11:00:59
U000609,DE,EMEA,EUR,5,5815.27,2025-01-12T15:25:23,2025-03-02T04:25:24
U000610,JP,APAC,JPY,3,4695.4,2025-02-03T12:55:13,2025-03-06T19:02:34
U000611,US,NA,USD,5,8400.68,2025-01-23T05:10:16,2025-03-30T22:36:14
U000612,US,NA,USD,8,6756.62,2025-01-04T16:06:23,2025-03-14T10:03:34
U000613,GB,EMEA,GBP,7,10395.11,2025-01-05T03:02:16,2025-03-25T20:30:48
U000614,AU,APAC,AUD,6,2491.39,2025-01-08T17:09:07,2025-03-16T16:06:33
U000615,CA,NA,CAD,6,10173.65,2025-01-15T00:27:03,2025-03-24T13:16:21
U000616,GB,EMEA,GBP,6,4839.12,2025-01-02T07:41:07,2025-02-23T20:42:17
U000617,ES,EMEA,EUR,8,9110.34,2025-01-05T10:27:25,2025-03-17T19:30:48
U000618,US,NA,USD,6,5226.93,2025-01-08T14:56:19,2025-03-09T23:45:46
U000619,ES,EMEA,EUR,8,11512.22,2025-01-04T11:57:24,2025-03-19T10:36:59
U000620,JP,APAC,JPY,8,2204.46,2025-01-15T19:53:23,2025-03-30T01:34:05
U000621,SG,APAC,SGD,3,3128.11,2025-01-09T05:35:27,2025-03-30T23:58:28
U000622,AU,APAC,AUD,7,5524.81,2025-01-07T07:54:38,2025-03-29T20:05:48
U000623,JP,APAC,JPY,5,925.37,2025-01-23T15:03:12,2025-03-14T04:04:06
U000624,GB,EMEA,GBP,7,1590.45,2025-01-24T16:55:17,2025-03-31T08:13:29
U000625,NL,EMEA,EUR,4,6974.15,2025-01-31T01:05:48,2025-03-04T08:08:11
U000626,ES,EMEA,EUR,2,5161.49,2025-02-01T07:27:06,2025-02-10T04:15:18
U000627,GB,EMEA,GBP,6,5595.74,2025-01-09T06:32:03,2025-03-30T05:10:23
U000628,CA,NA,CAD,6,3828.8,2025-01-30T06:33:57,2025-03-27T11:16:04
U000629,CA,NA,CAD,3,881.72,2025-01-15T05:59:21,2025-02-20T01:42:58
U000630,FR,EMEA,EUR,8,9816.38,2025-01-05T23:06:00,2025-03-18T00:58:12
U000631,IN,APAC,INR,7,3120.93,2025-01-07T00:21:18,2025-03-28T22:10:30
U000632,ES,EMEA,EUR,6,8095.13,2025-01-03T05:50:21,2025-03-26T04:07:42
U000633,CA,NA,CAD,2,2227.95,2025-01-04T20:16:12,2025-03-03T18:36:40
U000634,NL,EMEA,EUR,5,2049.92,2025-01-09T05:27:58,2025-03-24T09:01:31
U000635,IN,APAC,INR,4,3642.19,2025-01-10T02:31:31,2025-03-11T15:40:18
U000636,IN,APAC,INR,3,2614.53,2025-01-01T19:05:34,2025-02-12T16:48:49
U000637,JP,APAC,JPY,6,6180.19,2025-01-14T19:47:36,2025-03-15T16:19:53
U000638,GB,EMEA,GBP,10,3412.29,2025-01-02T11:31:37,2025-03-30T20:34:20
U000639,US,NA,USD,6,4684.09,2025-01-14T00:40:23,2025-03-15T12:13:36
U000640,ES,EMEA,EUR,4,1444.77,2025-01-18T23:43:16,2025-03-20T15:02:24
U000641,GB,EMEA,GBP,7,1129.43,2025-01-09T09:08:48,2025-03-29T14:59:35
U000642,CA,NA,CAD,4,2214.37,2025-01-29T03:41:12,2025-03-23T10:23:45
U000643,JP,APAC,JPY,2,133.37,2025-02-21T23:35:27,2025-03-04T20:00:40
U000644,IN,APAC,INR,5,2671.25,2025-01-04T17:52:51,2025-03-20T19:51:24
U000645,GB,EMEA,GBP,7,8333.82,2025-02-02T23:52:09,2025-03-27T16:03:45
U000646,CA,NA,CAD,3,3125.35,2025-01-17T22:28:23,2025-03-26T10:27:03
U000647,US,NA,USD,4,3774.44,2025-01-06T05:54:41,2025-03-25T18:33:37
U000648,DE,EMEA,EUR,7,4204.26,2025-01-13T09:57:03,2025-03-31T08:36:12
U000649,DE,EMEA,EUR,3,2078.91,2025-01-09T11:00:59,2025-02-26T10:35:48
U000650,US,NA,USD,7,1803.49,2025-01-09T20:53:25,2025-03-30T23:03:01
U000651,CA,NA,CAD,3,4062.02,2025-02-12T14:59:25,2025-03-16T19:40:28
U000652,DE,EMEA,EUR,3,1347.29,2025-02-12T13:58:21,2025-03-30T08:52:35
U000653,DE,EMEA,EUR,2,236.89,2025-01-12T11:52:28,2025-02-03T03:26:35
U000654,US,NA,USD,2,945.59,2025-02-23T12:48:04,2025-03-04T14:00:49
U000655,US,NA,USD,8,4733.11,2025-01-22T20:27:31,2025-03-08T09:59:45
U000656,AU,APAC,AUD,11,1897.87,2025-01-11T05:27:35,2025-03-30T10:35:22
U000657,US,NA,USD,5,6975.6,2025-01-10T08:50:20,2025-03-27T06:46:37
U000658,IN,APAC,INR,3,3949.14,2025-01-07T00:59:47,2025-03-22T06:29:27
U000659,US,NA,USD,8,11329.0,2025-01-02T18:00:22,2025-03-26T15:41:50
U000660,GB,EMEA,GBP,3,5065.99,2025-01-03T06:29:54,2025-02-23T18:01:52
U000661,US,NA,USD,4,1936.91,2025-01-07T12:40:42,2025-03-14T05:43:16
U000662,NL,EMEA,EUR,3,11332.23,2025-01-19T06:57:46,2025-03-30T03:55:59
U000663,NL,EMEA,EUR,9,13556.19,2025-01-05T08:33:28,2025-03-29T12:26:26
U000664,JP,APAC,JPY,6,1655.77,2025-01-07T01:39:18,2025-03-30T12:44:49
U000665,ES,EMEA,EUR,3,6672.56,2025-01-22T04:48:55,2025-03-25T17:36:03
U000666,US,NA,USD,4,2588.61,2025-01-07T07:57:55,2025-02-17T06:11:05
U000667,DE,EMEA,EUR,3,253.73,2025-01-26T23:47:03,2025-03-18T19:20:15
U000668,FR,EMEA,EUR,5,8739.91,2025-01-16T16:41:30,2025-02-19T19:45:38
U000669,GB,EMEA,GBP,8,8355.88,2025-01-04T04:28:38,2025-03-31T02:03:29
U000670,JP,APAC,JPY,3,869.88,2025-01-26T13:54:46,2025-03-07T22:50:01
U000671,US,NA,USD,8,3504.7,2025-01-06T20:19:22,2025-03-17T03:40:45
U000672,FR,EMEA,EUR,7,3392.86,2025-01-11T03:33:15,2025-03-13T08:44:03
U000673,US,NA,USD,5,4742.75,2025-01-09T23:56:38,2025-03-21T20:08:15
U000674,GB,EMEA,GBP,1,652.27,2025-01-25T02:20:34,2025-01-25T02:20:34
U000675,US,NA,USD,5,504.23,2025-01-02T17:05:28,2025-02-24T17:45:32
U000676,US,NA,USD,3,1538.27,2025-01-01T13:23:45,2025-02-10T08:54:08
U000677,US,NA,USD,6,1944.24,2025-02-05T18:27:32,2025-03-17T04:08:28
U000678,DE,EMEA,EUR,6,4011.68,2025-01-02T22:08:14,2025-03-24T01:46:56
U000679,GB,EMEA,GBP,2,1183.04,2025-01-31T22:52:54,2025-03-23T22:31:55
U000680,ES,EMEA,EUR,6,4547.76,2025-01-31T05:24:00,2025-03-13T07:09:22
U000681,JP,APAC,JPY,4,2726.38,2025-01-25T00:58:25,2025-03-13T08:15:40
U000682,US,NA,USD,11,3634.07,2025-01-04T06:18:36,2025-03-30T11:11:47
U000683,GB,EMEA,GBP,5,8649.32,2025-01-07T09:54:20,2025-03-05T09:38:42
U000684,JP,APAC,JPY,7,3473.94,2025-01-15T09:55:00,2025-03-20T12:20:28
U000685,US,NA,USD,5,832.96,2025-01-05T16:43:38,2025-02-22T06:55:09
U000686,US,NA,USD,8,9564.97,2025-01-04T03:59:45,2025-03-25T10:25:27
U000687,IN,APAC,INR,6,8167.8,2025-01-16T18:19:07,2025-03-11T17:23:44
U000688,GB,EMEA,GBP,5,2245.32,2025-01-10T12:11:58,2025-03-16T18:05:30
U000689,DE,EMEA,EUR,10,13816.02,2025-01-05T06:38:31,2025-03-25T19:59:37
U000690,FR,EMEA,EUR,9,8701.29,2025-01-02T11:37:07,2025-03-30T16:33:20
U000691,HK,APAC,HKD,5,4754.49,2025-01-12T11:15:07,2025-03-31T09:11:04
U000692,GB,EMEA,GBP,5,5399.99,2025-01-20T18:09:16,2025-02-27T03:13:20
U000693,AE,MEA,AED,4,3914.08,2025-01-09T10:39:35,2025-03-30T13:25:20
U000694,GB,EMEA,GBP,6,8364.42,2025-01-02T04:07:03,2025-03-19T20:29:52
U000695,FR,EMEA,EUR,5,5689.39,2025-01-04T08:21:04,2025-03-14T21:49:59
U000696,US,NA,USD,7,5943.0,2025-01-24T21:51:48,2025-03-31T16:15:23
U000697,CA,NA,CAD,5,404.33,2025-01-15T03:24:08,2025-03-05T16:19:03
U000698,JP,APAC,JPY,4,1563.57,2025-02-18T07:38:13,2025-03-17T23:41:31
U000699,FR,EMEA,EUR,9,8503.5,2025-01-12T23:50:47,2025-03-26T16:13:27
U000700,GB,EMEA,GBP,4,5214.75,2025-01-02T06:01:16,2025-01-25T15:01:00
U000701,ES,EMEA,EUR,5,7269.77,2025-01-09T05:27:46,2025-03-27T11:30:15
U000702,AE,MEA,AED,8,11916.83,2025-01-09T14:33:05,2025-03-31T03:06:07
U000703,US,NA,USD,7,5176.32,2025-01-05T22:01:18,2025-03-30T17:32:57
U000704,US,NA,USD,10,13291.58,2025-01-07T09:16:29,2025-03-12T14:41:52
U000705,US,NA,USD,9,7328.25,2025-01-06T12:56:33,2025-03-24T10:23:46
U000706,US,NA,USD,6,2715.23,2025-01-02T13:37:02,2025-03-28T07:56:18
U000707,AU,APAC,AUD,12,5392.08,2025-01-18T00:21:26,2025-03-28T19:42:19
U000708,JP,APAC,JPY,6,7943.77,2025-01-05T07:43:42,2025-02-22T10:24:43
U000709,SG,APAC,SGD,6,10995.29,2025-01-02T07:56:40,2025-02-16T02:51:27
U000710,CA,NA,CAD,3,148.43,2025-02-25T18:56:44,2025-03-07T13:10:32
U000711,US,NA,USD,8,2393.28,2025-02-10T20:55:25,2025-03-26T11:22:41
U000712,US,NA,USD,5,3141.75,2025-01-13T20:41:13,2025-03-20T00:50:31
U000713,GB,EMEA,GBP,7,4034.51,2025-01-19T23:47:04,2025-03-14T13:03:51
U000714,ES,EMEA,EUR,12,5398.68,2025-01-03T22:03:57,2025-03-21T11:49:59
U000715,GB,EMEA,GBP,3,4416.99,2025-01-03T04:23:42,2025-03-20T05:25:30
U000716,NL,EMEA,EUR,7,5155.11,2025-01-14T04:40:45,2025-03-29T10:14:24
U000717,FR,EMEA,EUR,11,4951.45,2025-01-07T06:21:01,2025-03-26T05:39:33
U000718,CA,NA,CAD,3,4877.35,2025-02-17T08:27:30,2025-03-11T15:58:48
U000719,GB,EMEA,GBP,8,2305.65,2025-01-02T17:00:21,2025-03-25T01:50:03
U000720,GB,EMEA,GBP,6,2128.07,2025-01-05T12:33:05,2025-03-23T14:29:28
U000721,JP,APAC,JPY,9,6181.45,2025-01-06T12:42:36,2025-03-21T12:20:55
U000722,FR,EMEA,EUR,4,5133.05,2025-01-18T10:41:40,2025-03-02T20:16:06
U000723,US,NA,USD,8,6096.09,2025-01-11T04:33:53,2025-03-30T19:13:55
U000724,US,NA,USD,10,3070.43,2025-01-13T12:53:24,2025-03-30T21:54:30
U000725,GB,EMEA,GBP,1,39.67,2025-02-04T15:08:57,2025-02-04T15:08:57
U000726,CA,NA,CAD,2,187.65,2025-01-02T03:31:04,2025-02-14T05:21:37
U000727,NL,EMEA,EUR,6,7613.97,2025-01-27T16:27:15,2025-03-20T18:07:02
U000728,ES,EMEA,EUR,7,6264.91,2025-01-09T04:17:53,2025-03-30T22:43:29
U000729,IN,APAC,INR,3,1190.02,2025-01-21T13:25:11,2025-03-27T03:26:00
U000730,IN,APAC,INR,8,4412.37,2025-01-07T11:40:42,2025-03-07T17:44:01
U000731,SG,APAC,SGD,3,360.26,2025-01-07T06:12:07,2025-03-11T20:14:43
U000732,JP,APAC,JPY,2,1052.07,2025-01-28T04:07:44,2025-02-27T16:20:15
U000733,IN,APAC,INR,6,9211.89,2025-02-25T21:17:19,2025-03-28T10:36:57
U000734,ES,EMEA,EUR,4,1278.89,2025-02-14T09:40:34,2025-03-06T00:41:05
U000735,CA,NA,CAD,5,11487.95,2025-01-18T02:24:50,2025-03-28T10:28:50
U000736,US,NA,USD,7,4501.23,2025-01-01T09:12:53,2025-03-24T05:05:37
U000737,US,NA,USD,5,2192.88,2025-02-05T11:26:46,2025-03-16T01:15:08
U000738,DE,EMEA,EUR,6,1445.04,2025-01-01T10:26:46,2025-03-29T13:41:44
U000739,JP,APAC,JPY,8,5299.23,2025-01-03T03:34:55,2025-03-15T05:06:38
U000740,CA,NA,CAD,5,14803.74,2025-01-21T06:17:41,2025-03-18T14:08:16
U000741,SG,APAC,SGD,4,2640.23,2025-01-06T15:42:54,2025-03-27T03:37:56
U000742,US,NA,USD,7,2040.13,2025-01-01T06:14:01,2025-02-10T22:37:00
U000743,GB,EMEA,GBP,4,2288.52,2025-01-13T01:59:53,2025-02-05T04:03:12
U000744,JP,APAC,JPY,4,11864.35,2025-02-03T00:39:53,2025-03-07T09:07:17
U000745,IN,APAC,INR,7,4914.49,2025-01-04T05:26:18,2025-03-19T22:14:04
U000746,ES,EMEA,EUR,8,4668.48,2025-01-01T13:36:19,2025-03-20T01:40:12
U000747,ES,EMEA,EUR,5,2761.98,2025-01-12T10:43:26,2025-03-24T06:20:07
U000748,CA,NA,CAD,4,160.22,2025-01-10T22:12:19,2025-03-20T12:18:15
U000749,US,NA,USD,9,9537.0,2025-01-10T17:53:02,2025-03-03T06:12:27
U000750,IN,APAC,INR,5,4045.5,2025-01-06T11:11:47,2025-03-26T17:57:14
U000751,US,NA,USD,6,1003.65,2025-01-06T13:54:37,2025-03-14T05:41:54
U000752,JP,APAC,JPY,7,5172.41,2025-01-23T09:23:12,2025-03-24T10:34:33
U000753,IN,APAC,INR,11,12815.68,2025-01-05T12:30:20,2025-03-26T12:17:22
U000754,CA,NA,CAD,10,14338.4,2025-01-01T18:59:15,2025-03-20T20:52:22
U000755,GB,EMEA,GBP,5,1239.79,2025-01-14T06:10:21,2025-02-28T07:12:01
U000756,NL,EMEA,EUR,6,10700.41,2025-01-03T08:47:52,2025-03-27T19:15:07
U000757,US,NA,USD,3,4049.31,2025-01-14T03:12:51,2025-03-24T19:11:23
U000758,SG,APAC,SGD,7,1576.27,2025-01-16T02:57:38,2025-03-20T01:38:34
U000759,US,NA,USD,6,2654.15,2025-01-26T10:46:52,2025-03-25T03:05:19
U000760,AE,MEA,AED,10,3512.06,2025-01-04T15:34:00,2025-03-26T17:31:27
U000761,ES,EMEA,EUR,9,10489.1,2025-01-01T01:59:25,2025-03-20T06:16:16
U000762,US,NA,USD,3,4342.88,2025-02-05T20:32:13,2025-03-05T06:17:25
U000763,US,NA,USD,10,7215.85,2025-01-20T12:04:31,2025-03-19T17:23:09
U000764,FR,EMEA,EUR,4,2223.57,2025-02-25T20:02:41,2025-03-22T11:20:17
U000765,CA,NA,CAD,9,6761.17,2025-01-03T16:23:39,2025-03-24T17:24:45
U000766,US,NA,USD,6,6568.62,2025-01-10T14:00:00,2025-03-06T11:38:19
U000767,IN,APAC,INR,6,4803.17,2025-01-13T18:42:56,2025-03-16T20:03:34
U000768,HK,APAC,HKD,2,28.67,2025-01-12T07:15:53,2025-02-17T02:45:14
U000769,GB,EMEA,GBP,6,5748.37,2025-02-14T19:54:18,2025-03-22T22:07:29
U000770,AE,MEA,AED,9,6503.9,2025-01-01T14:17:15,2025-03-23T02:44:24
U000771,US,NA,USD,7,5021.79,2025-01-02T22:34:04,2025-03-15T07:48:22
U000772,US,NA,USD,5,5596.22,2025-01-18T04:19:24,2025-02-27T16:57:33
U000773,JP,APAC,JPY,4,1289.56,2025-01-05T01:51:02,2025-03-23T23:44:55
U000774,US,NA,USD,3,384.14,2025-02-18T08:35:41,2025-03-16T03:25:03
U000775,CA,NA,CAD,7,3937.2,2025-01-09T13:07:40,2025-03-07T12:50:49
U000776,US,NA,USD,5,3444.9,2025-01-04T22:53:25,2025-03-24T07:23:38
U000777,AU,APAC,AUD,4,246.3,2025-01-09T23:35:05,2025-01-31T20:32:18
U000778,US,NA,USD,4,3177.74,2025-01-09T18:52:30,2025-02-06T00:50:23
U000779,DE,EMEA,EUR,4,3557.55,2025-01-11T03:30:40,2025-02-27T16:41:51
U000780,US,NA,USD,4,1205.79,2025-01-19T21:07:52,2025-03-15T15:57:37
U000781,FR,EMEA,EUR,4,4472.64,2025-01-12T06:06:03,2025-03-15T02:24:24
U000782,US,NA,USD,6,3485.97,2025-01-23T11:05:03,2025-03-26T12:29:31
U000783,NL,EMEA,EUR,8,10785.43,2025-01-16T22:19:09,2025-03-17T19:06:38
U000784,ES,EMEA,EUR,8,8199.14,2025-01-18T18:53:00,2025-03-28T19:09:28
U000785,US,NA,USD,5,7659.51,2025-01-01T00:47:53,2025-02-23T19:56:40
U000786,GB,EMEA,GBP,7,6727.92,2025-01-14T01:22:35,2025-03-15T00:59:01
U000787,CA,NA,CAD,8,10164.24,2025-01-08T18:07:40,2025-03-22T13:02:16
U000788,AE,MEA,AED,5,13098.52,2025-01-01T12:15:09,2025-03-30T00:39:03
U000789,DE,EMEA,EUR,3,848.7,2025-01-03T22:12:49,2025-03-22T16:25:28
U000790,ES,EMEA,EUR,3,3054.05,2025-01-06T02:37:10,2025-03-16T04:06:45
U000791,FR,EMEA,EUR,3,4003.7,2025-01-09T14:59:41,2025-03-09T18:52:38
U000792,AU,APAC,AUD,4,5044.67,2025-01-16T18:54:33,2025-03-11T16:21:35
U000793,FR,EMEA,EUR,6,2232.69,2025-01-23T04:50:23,2025-03-13T14:35:49
U000794,IN,APAC,INR,6,2713.41,2025-01-31T21:18:46,2025-03-27T18:02:52
U000795,IN,APAC,INR,9,4495.35,2025-01-09T15:33:51,2025-03-07T07:44:31
U000796,IN,APAC,INR,8,5010.48,2025-02-02T12:43:46,2025-03-31T09:31:11
U000797,DE,EMEA,EUR,3,4334.39,2025-01-31T21:55:32,2025-02-19T01:14:22
U000798,CA,NA,CAD,6,2342.16,2025-01-23T01:34:36,2025-03-29T17:03:34
U000799,GB,EMEA,GBP,6,2348.24,2025-01-17T06:28:04,2025-03-24T06:54:39
U000800,HK,APAC,HKD,7,967.77,2025-01-02T08:09:54,2025-03-23T16:18:38
U000801,ES,EMEA,EUR,7,7242.28,2025-01-07T17:29:39,2025-03-17T10:55:43
U000802,ES,EMEA,EUR,4,1798.13,2025-02-10T18:23:59,2025-03-07T17:33:32
U000803,JP,APAC,JPY,8,11057.35,2025-01-13T17:28:31,2025-03-23T03:02:01
U000804,DE,EMEA,EUR,7,6370.76,2025-01-06T23:52:55,2025-03-24T17:36:39
U000805,GB,EMEA,GBP,2,2114.1,2025-03-08T13:47:52,2025-03-14T13:08:39
U000806,SG,APAC,SGD,3,2664.34,2025-02-03T10:13:58,2025-03-26T09:41:14
U000807,NL,EMEA,EUR,3,1550.22,2025-01-05T15:52:59,2025-03-11T03:23:03
U000808,DE,EMEA,EUR,7,1046.21,2025-01-06T13:16:48,2025-03-20T18:50:05
U000809,US,NA,USD,6,9226.31,2025-01-10T16:12:24,2025-02-18T18:24:31
U000810,US,NA,USD,7,3428.44,2025-01-24T03:13:16,2025-03-29T00:08:08
U000811,US,NA,USD,7,860.17,2025-01-03T02:47:47,2025-03-18T07:26:38
U000812,CA,NA,CAD,6,2562.92,2025-01-11T10:44:32,2025-02-25T05:43:31
U000813,IN,APAC,INR,6,9447.87,2025-01-23T19:41:09,2025-03-24T16:35:32
U000814,FR,EMEA,EUR,1,165.08,2025-03-26T01:35:45,2025-03-26T01:35:45
U000815,IN,APAC,INR,5,5137.08,2025-01-08T04:44:28,2025-03-05T16:34:56
U000816,IN,APAC,INR,4,269.08,2025-01-21T14:44:50,2025-03-12T20:43:50
U000817,DE,EMEA,EUR,9,4200.5,2025-01-01T12:21:24,2025-03-29T07:56:17
U000818,FR,EMEA,EUR,11,13632.15,2025-01-05T13:55:06,2025-03-19T04:40:40
U000819,JP,APAC,JPY,10,3427.55,2025-01-02T20:08:26,2025-03-31T01:12:52
U000820,DE,EMEA,EUR,2,125.28,2025-02-18T06:11:32,2025-03-26T01:37:35
U000821,CA,NA,CAD,5,10256.69,2025-01-06T09:45:59,2025-03-22T14:30:42
U000822,CA,NA,CAD,13,12238.1,2025-01-05T12:48:17,2025-03-24T04:19:13
U000823,FR,EMEA,EUR,6,15390.29,2025-01-02T20:36:54,2025-03-12T04:46:21
U000824,DE,EMEA,EUR,5,3058.69,2025-01-18T12:11:13,2025-03-30T00:44:58
U000825,JP,APAC,JPY,6,7487.36,2025-01-11T14:33:23,2025-03-06T15:27:10
U000826,DE,EMEA,EUR,3,469.93,2025-01-07T10:36:36,2025-03-29T18:52:46
U000827,IN,APAC,INR,5,9733.19,2025-01-04T22:04:20,2025-03-20T03:16:08
U000828,DE,EMEA,EUR,5,3958.91,2025-02-23T17:11:02,2025-03-28T19:04:11
U000829,US,NA,USD,7,6774.1,2025-01-21T05:23:02,2025-03-30T08:25:21
U000830,US,NA,USD,6,2293.11,2025-01-17T22:21:52,2025-03-23T17:30:46
U000831,GB,EMEA,GBP,3,3772.64,2025-01-24T04:56:05,2025-03-28T23:24:32
U000832,NL,EMEA,EUR,8,10063.82,2025-01-09T13:16:31,2025-03-31T03:32:15
U000833,IN,APAC,INR,9,9106.07,2025-01-24T16:31:32,2025-03-22T12:34:13
U000834,GB,EMEA,GBP,5,4195.04,2025-01-17T08:38:06,2025-03-15T08:30:20
U000835,ES,EMEA,EUR,5,964.01,2025-01-17T03:01:51,2025-03-14T05:48:59
U000836,JP,APAC,JPY,8,2279.19,2025-01-19T11:00:31,2025-03-23T02:29:10
U000837,US,NA,USD,6,1694.05,2025-01-02T17:27:30,2025-03-20T06:54:53
U000838,DE,EMEA,EUR,4,963.86,2025-01-10T00:07:55,2025-03-25T14:22:54
U000839,GB,EMEA,GBP,7,1706.46,2025-01-27T03:43:29,2025-03-31T08:15:39
U000840,AU,APAC,AUD,3,2217.04,2025-02-03T19:30:45,2025-03-31T22:10:53
U000841,NL,EMEA,EUR,3,369.61,2025-02-03T09:34:50,2025-03-17T09:25:05
U000842,GB,EMEA,GBP,3,3210.25,2025-01-10T13:50:30,2025-03-05T00:51:54
U000843,US,NA,USD,4,2942.99,2025-01-07T02:30:38,2025-03-18T21:05:42
U000844,US,NA,USD,6,1307.29,2025-02-24T14:05:14,2025-03-29T18:14:10
U000845,JP,APAC,JPY,4,3109.51,2025-01-27T20:53:40,2025-03-10T22:42:10
U000846,CA,NA,CAD,11,19181.93,2025-01-08T01:20:29,2025-03-31T14:27:37
U000847,AU,APAC,AUD,3,1256.75,2025-02-17T11:49:26,2025-03-29T08:43:39
U000848,JP,APAC,JPY,3,549.91,2025-02-19T00:23:41,2025-03-30T14:02:34
U000849,AU,APAC,AUD,2,33.95,2025-02-08T08:51:15,2025-03-22T12:43:21
U000850,FR,EMEA,EUR,4,1572.99,2025-01-14T07:34:00,2025-03-04T11:53:07
